Id,Gender:::Nationality
0,female:::mexico
1,female:::chile
2,female:::peru
3,female:::spain
4,male:::argentina
5,female:::mexico
6,male:::colombia
7,female:::chile
8,female:::venezuela
9,female:::mexico
10,male:::chile
11,female:::spain
12,female:::argentina
13,female:::spain
14,female:::peru
15,male:::colombia
16,female:::chile
17,male:::spain
18,male:::venezuela
19,male:::peru
20,male:::argentina
21,male:::argentina
22,male:::colombia
23,male:::mexico
24,male:::mexico
25,male:::argentina
26,male:::mexico
27,female:::chile
28,male:::argentina
29,male:::venezuela
30,female:::venezuela
31,male:::argentina
32,male:::argentina
33,female:::mexico
34,male:::argentina
35,female:::spain
36,female:::mexico
37,female:::mexico
38,female:::colombia
39,female:::spain
40,male:::mexico
41,male:::peru
42,male:::peru
43,female:::colombia
44,female:::mexico
45,male:::mexico
46,female:::chile
47,male:::argentina
48,male:::peru
49,male:::venezuela
50,male:::argentina
51,male:::colombia
52,female:::mexico
53,male:::colombia
54,male:::argentina
55,female:::mexico
56,male:::colombia
57,female:::colombia
58,female:::spain
59,female:::venezuela
60,female:::chile
61,female:::peru
62,male:::mexico
63,female:::venezuela
64,female:::argentina
65,male:::spain
66,male:::colombia
67,male:::mexico
68,female:::chile
69,male:::peru
70,female:::venezuela
71,male:::mexico
72,female:::mexico
73,male:::colombia
74,male:::colombia
75,female:::spain
76,male:::argentina
77,female:::colombia
78,male:::chile
79,female:::peru
80,male:::spain
81,female:::venezuela
82,female:::chile
83,female:::argentina
84,male:::argentina
85,female:::venezuela
86,male:::spain
87,male:::argentina
88,male:::colombia
89,female:::spain
90,male:::chile
91,female:::chile
92,female:::spain
93,male:::peru
94,male:::mexico
95,female:::venezuela
96,male:::spain
97,male:::chile
98,male:::peru
99,male:::argentina
100,male:::venezuela
101,male:::venezuela
102,male:::argentina
103,male:::venezuela
104,female:::colombia
105,female:::colombia
106,female:::colombia
107,male:::venezuela
108,male:::chile
109,female:::colombia
110,male:::spain
111,male:::chile
112,male:::argentina
113,male:::spain
114,male:::argentina
115,female:::argentina
116,male:::mexico
117,female:::chile
118,male:::colombia
119,male:::colombia
120,male:::chile
121,male:::argentina
122,female:::argentina
123,female:::colombia
124,male:::mexico
125,male:::spain
126,male:::peru
127,female:::chile
128,female:::peru
129,male:::venezuela
130,male:::chile
131,female:::argentina
132,female:::venezuela
133,female:::peru
134,female:::peru
135,male:::mexico
136,female:::argentina
137,female:::spain
138,male:::colombia
139,male:::chile
140,female:::peru
141,female:::mexico
142,female:::venezuela
143,female:::colombia
144,male:::argentina
145,female:::chile
146,male:::venezuela
147,male:::peru
148,female:::chile
149,female:::colombia
150,male:::venezuela
151,male:::mexico
152,male:::spain
153,female:::venezuela
154,male:::mexico
155,female:::peru
156,female:::spain
157,female:::mexico
158,male:::argentina
159,female:::chile
160,female:::mexico
161,male:::chile
162,female:::argentina
163,female:::mexico
164,male:::peru
165,female:::chile
166,female:::mexico
167,male:::spain
168,male:::argentina
169,female:::argentina
170,female:::venezuela
171,male:::argentina
172,male:::peru
173,female:::spain
174,female:::peru
175,female:::spain
176,female:::venezuela
177,male:::peru
178,male:::chile
179,male:::colombia
180,female:::spain
181,female:::colombia
182,male:::chile
183,male:::peru
184,male:::chile
185,female:::spain
186,male:::colombia
187,male:::argentina
188,female:::venezuela
189,male:::mexico
190,female:::chile
191,male:::mexico
192,female:::colombia
193,female:::colombia
194,male:::argentina
195,female:::peru
196,male:::colombia
197,male:::spain
198,female:::argentina
199,male:::argentina
200,male:::chile
201,female:::argentina
202,male:::venezuela
203,female:::mexico
204,female:::peru
205,male:::mexico
206,male:::chile
207,male:::mexico
208,male:::spain
209,male:::peru
210,female:::argentina
211,female:::venezuela
212,male:::mexico
213,female:::mexico
214,male:::spain
215,male:::chile
216,female:::argentina
217,male:::mexico
218,female:::spain
219,male:::spain
220,male:::venezuela
221,male:::mexico
222,male:::spain
223,male:::colombia
224,female:::chile
225,male:::spain
226,male:::argentina
227,female:::peru
228,female:::venezuela
229,female:::spain
230,male:::argentina
231,female:::chile
232,male:::peru
233,female:::spain
234,female:::peru
235,female:::venezuela
236,female:::argentina
237,male:::argentina
238,female:::colombia
239,male:::spain
240,female:::venezuela
241,female:::colombia
242,female:::peru
243,female:::spain
244,male:::colombia
245,male:::venezuela
246,male:::spain
247,female:::venezuela
248,male:::argentina
249,female:::spain
250,male:::peru
251,female:::venezuela
252,female:::chile
253,male:::argentina
254,female:::argentina
255,female:::peru
256,male:::spain
257,male:::mexico
258,male:::mexico
259,male:::spain
260,male:::venezuela
261,female:::peru
262,male:::venezuela
263,female:::peru
264,male:::spain
265,male:::spain
266,female:::argentina
267,male:::peru
268,male:::chile
269,female:::argentina
270,female:::colombia
271,female:::mexico
272,male:::venezuela
273,male:::colombia
274,male:::spain
275,male:::mexico
276,female:::colombia
277,female:::argentina
278,male:::chile
279,female:::chile
280,female:::chile
281,female:::venezuela
282,female:::spain
283,male:::peru
284,female:::peru
285,female:::argentina
286,male:::argentina
287,female:::peru
288,male:::mexico
289,female:::venezuela
290,male:::colombia
291,male:::spain
292,male:::colombia
293,male:::spain
294,female:::mexico
295,female:::argentina
296,female:::venezuela
297,female:::colombia
298,female:::colombia
299,female:::mexico
300,female:::venezuela
301,male:::venezuela
302,female:::mexico
303,female:::argentina
304,male:::spain
305,male:::argentina
306,female:::mexico
307,female:::peru
308,male:::venezuela
309,male:::colombia
310,male:::argentina
311,female:::spain
312,female:::argentina
313,female:::peru
314,male:::argentina
315,male:::peru
316,female:::mexico
317,male:::venezuela
318,male:::mexico
319,male:::argentina
320,female:::spain
321,female:::mexico
322,male:::peru
323,male:::mexico
324,male:::peru
325,male:::venezuela
326,female:::argentina
327,female:::mexico
328,female:::mexico
329,female:::colombia
330,male:::spain
331,female:::mexico
332,female:::venezuela
333,male:::argentina
334,male:::venezuela
335,male:::venezuela
336,female:::spain
337,male:::spain
338,female:::mexico
339,female:::argentina
340,female:::colombia
341,female:::argentina
342,female:::argentina
343,female:::peru
344,female:::peru
345,male:::chile
346,male:::mexico
347,female:::colombia
348,female:::chile
349,male:::venezuela
350,male:::spain
351,female:::colombia
352,female:::venezuela
353,female:::peru
354,male:::colombia
355,male:::chile
356,female:::spain
357,female:::peru
358,male:::chile
359,female:::colombia
360,male:::peru
361,male:::venezuela
362,female:::spain
363,male:::colombia
364,female:::colombia
365,male:::mexico
366,female:::venezuela
367,male:::chile
368,male:::venezuela
369,male:::mexico
370,male:::colombia
371,male:::colombia
372,male:::venezuela
373,male:::spain
374,male:::peru
375,female:::argentina
376,male:::peru
377,male:::argentina
378,female:::colombia
379,female:::mexico
380,male:::argentina
381,female:::mexico
382,female:::peru
383,female:::chile
384,male:::peru
385,male:::mexico
386,male:::mexico
387,female:::spain
388,female:::spain
389,female:::mexico
390,male:::mexico
391,male:::spain
392,female:::mexico
393,female:::peru
394,female:::argentina
395,female:::spain
396,male:::chile
397,female:::chile
398,male:::mexico
399,male:::argentina
400,female:::venezuela
401,male:::peru
402,male:::mexico
403,male:::peru
404,female:::mexico
405,male:::colombia
406,male:::mexico
407,male:::colombia
408,female:::spain
409,male:::colombia
410,female:::peru
411,female:::chile
412,female:::chile
413,female:::mexico
414,female:::mexico
415,female:::colombia
416,male:::chile
417,male:::colombia
418,male:::chile
419,female:::peru
420,male:::spain
421,male:::mexico
422,male:::argentina
423,male:::argentina
424,female:::peru
425,male:::colombia
426,male:::mexico
427,female:::colombia
428,male:::spain
429,female:::argentina
430,female:::spain
431,female:::mexico
432,male:::chile
433,male:::peru
434,female:::colombia
435,male:::chile
436,female:::colombia
437,female:::peru
438,female:::argentina
439,male:::argentina
440,male:::spain
441,female:::chile
442,female:::colombia
443,female:::venezuela
444,female:::spain
445,female:::spain
446,male:::peru
447,male:::colombia
448,male:::spain
449,female:::peru
450,female:::colombia
451,female:::chile
452,female:::spain
453,female:::mexico
454,male:::chile
455,male:::venezuela
456,male:::colombia
457,male:::mexico
458,female:::spain
459,female:::chile
460,female:::argentina
461,male:::mexico
462,male:::colombia
463,female:::colombia
464,male:::argentina
465,female:::spain
466,male:::spain
467,male:::peru
468,male:::mexico
469,male:::chile
470,female:::mexico
471,female:::mexico
472,female:::colombia
473,female:::mexico
474,male:::colombia
475,female:::colombia
476,female:::peru
477,female:::peru
478,female:::peru
479,female:::chile
480,female:::argentina
481,male:::mexico
482,male:::spain
483,female:::peru
484,male:::spain
485,male:::spain
486,female:::argentina
487,male:::spain
488,male:::venezuela
489,male:::peru
490,male:::colombia
491,male:::chile
492,female:::mexico
493,male:::argentina
494,female:::spain
495,male:::peru
496,male:::venezuela
497,male:::spain
498,female:::spain
499,female:::argentina
500,male:::argentina
501,female:::chile
502,male:::mexico
503,female:::argentina
504,female:::venezuela
505,female:::argentina
506,male:::colombia
507,female:::colombia
508,female:::chile
509,male:::spain
510,female:::argentina
511,female:::chile
512,male:::argentina
513,male:::argentina
514,female:::peru
515,male:::colombia
516,female:::mexico
517,male:::mexico
518,male:::mexico
519,female:::argentina
520,female:::mexico
521,female:::argentina
522,male:::mexico
523,male:::peru
524,male:::chile
525,male:::peru
526,female:::mexico
527,male:::spain
528,female:::argentina
529,female:::venezuela
530,female:::chile
531,male:::peru
532,male:::chile
533,male:::colombia
534,male:::mexico
535,male:::spain
536,male:::colombia
537,female:::colombia
538,female:::argentina
539,male:::spain
540,male:::spain
541,male:::venezuela
542,female:::chile
543,female:::spain
544,female:::mexico
545,female:::argentina
546,female:::peru
547,male:::chile
548,male:::spain
549,male:::peru
550,male:::peru
551,female:::chile
552,male:::spain
553,male:::chile
554,female:::venezuela
555,male:::venezuela
556,female:::colombia
557,male:::venezuela
558,female:::spain
559,male:::mexico
560,male:::peru
561,male:::argentina
562,male:::mexico
563,male:::peru
564,female:::peru
565,female:::colombia
566,female:::chile
567,female:::colombia
568,male:::argentina
569,male:::chile
570,male:::chile
571,male:::argentina
572,male:::chile
573,female:::venezuela
574,female:::argentina
575,male:::argentina
576,female:::peru
577,male:::venezuela
578,male:::chile
579,male:::spain
580,female:::mexico
581,female:::argentina
582,male:::mexico
583,male:::venezuela
584,male:::venezuela
585,male:::chile
586,male:::colombia
587,female:::colombia
588,male:::peru
589,female:::spain
590,male:::mexico
591,male:::peru
592,male:::venezuela
593,female:::argentina
594,male:::mexico
595,male:::chile
596,male:::argentina
597,female:::venezuela
598,male:::spain
599,female:::mexico
600,male:::chile
601,female:::argentina
602,male:::venezuela
603,female:::chile
604,female:::venezuela
605,female:::chile
606,female:::colombia
607,female:::argentina
608,male:::argentina
609,female:::colombia
610,female:::spain
611,female:::argentina
612,male:::colombia
613,female:::spain
614,female:::argentina
615,male:::venezuela
616,male:::spain
617,female:::spain
618,male:::peru
619,female:::colombia
620,male:::mexico
621,male:::spain
622,male:::mexico
623,male:::chile
624,male:::argentina
625,female:::argentina
626,male:::mexico
627,male:::venezuela
628,female:::chile
629,male:::colombia
630,male:::venezuela
631,male:::colombia
632,male:::mexico
633,male:::venezuela
634,male:::colombia
635,female:::argentina
636,male:::mexico
637,male:::spain
638,male:::argentina
639,male:::venezuela
640,female:::argentina
641,female:::spain
642,female:::peru
643,male:::chile
644,male:::argentina
645,female:::argentina
646,female:::mexico
647,male:::peru
648,female:::spain
649,female:::mexico
650,female:::colombia
651,male:::colombia
652,male:::peru
653,female:::mexico
654,male:::spain
655,male:::argentina
656,male:::spain
657,female:::peru
658,female:::argentina
659,female:::colombia
660,male:::mexico
661,female:::chile
662,male:::colombia
663,female:::venezuela
664,female:::venezuela
665,female:::peru
666,female:::spain
667,male:::peru
668,female:::venezuela
669,male:::spain
670,male:::chile
671,male:::colombia
672,male:::argentina
673,male:::colombia
674,male:::spain
675,female:::spain
676,female:::mexico
677,female:::venezuela
678,male:::colombia
679,female:::mexico
680,female:::spain
681,male:::argentina
682,male:::argentina
683,male:::venezuela
684,female:::mexico
685,male:::mexico
686,female:::colombia
687,male:::spain
688,male:::argentina
689,female:::peru
690,female:::colombia
691,female:::peru
692,male:::spain
693,male:::mexico
694,male:::spain
695,male:::mexico
696,male:::venezuela
697,female:::peru
698,male:::spain
699,female:::venezuela
700,male:::peru
701,female:::chile
702,male:::colombia
703,male:::spain
704,male:::mexico
705,male:::peru
706,male:::mexico
707,female:::peru
708,male:::spain
709,male:::peru
710,male:::chile
711,female:::venezuela
712,male:::chile
713,female:::peru
714,female:::colombia
715,male:::mexico
716,male:::peru
717,male:::chile
718,male:::argentina
719,male:::mexico
720,male:::spain
721,male:::venezuela
722,male:::venezuela
723,male:::mexico
724,male:::peru
725,male:::argentina
726,male:::chile
727,male:::spain
728,male:::spain
729,male:::mexico
730,male:::colombia
731,female:::spain
732,male:::peru
733,female:::mexico
734,female:::colombia
735,female:::colombia
736,female:::mexico
737,female:::mexico
738,female:::chile
739,female:::chile
740,male:::spain
741,female:::mexico
742,female:::mexico
743,male:::colombia
744,female:::mexico
745,female:::argentina
746,female:::mexico
747,male:::colombia
748,male:::argentina
749,female:::spain
750,female:::peru
751,female:::peru
752,female:::peru
753,female:::mexico
754,female:::colombia
755,female:::spain
756,female:::mexico
757,female:::colombia
758,female:::chile
759,female:::peru
760,female:::chile
761,female:::mexico
762,female:::argentina
763,female:::peru
764,female:::mexico
765,male:::spain
766,male:::spain
767,female:::peru
768,female:::chile
769,female:::colombia
770,male:::chile
771,male:::chile
772,female:::peru
773,female:::spain
774,male:::spain
775,male:::colombia
776,male:::colombia
777,female:::argentina
778,female:::spain
779,male:::venezuela
780,female:::venezuela
781,female:::colombia
782,female:::argentina
783,male:::spain
784,male:::spain
785,female:::mexico
786,female:::colombia
787,female:::peru
788,female:::spain
789,female:::chile
790,female:::argentina
791,female:::mexico
792,female:::mexico
793,male:::peru
794,female:::spain
795,male:::venezuela
796,female:::mexico
797,female:::peru
798,male:::venezuela
799,female:::spain
800,female:::colombia
801,female:::chile
802,male:::peru
803,female:::colombia
804,female:::spain
805,female:::argentina
806,male:::argentina
807,female:::mexico
808,female:::peru
809,male:::chile
810,female:::argentina
811,female:::argentina
812,female:::argentina
813,female:::venezuela
814,female:::argentina
815,male:::chile
816,male:::colombia
817,male:::venezuela
818,male:::argentina
819,female:::colombia
820,male:::mexico
821,male:::chile
822,female:::chile
823,female:::spain
824,female:::spain
825,male:::argentina
826,male:::chile
827,male:::venezuela
828,male:::chile
829,male:::mexico
830,female:::colombia
831,female:::mexico
832,female:::mexico
833,male:::peru
834,female:::venezuela
835,male:::mexico
836,male:::peru
837,male:::peru
838,male:::colombia
839,male:::peru
840,female:::mexico
841,male:::spain
842,male:::mexico
843,female:::colombia
844,male:::mexico
845,male:::spain
846,female:::spain
847,male:::chile
848,female:::spain
849,female:::mexico
850,female:::spain
851,male:::spain
852,male:::peru
853,male:::chile
854,female:::chile
855,male:::argentina
856,male:::mexico
857,male:::mexico
858,male:::colombia
859,female:::argentina
860,female:::chile
861,male:::peru
862,male:::peru
863,female:::spain
864,female:::peru
865,female:::mexico
866,female:::mexico
867,female:::venezuela
868,female:::argentina
869,female:::mexico
870,male:::venezuela
871,male:::venezuela
872,male:::peru
873,female:::mexico
874,female:::chile
875,male:::venezuela
876,male:::peru
877,female:::chile
878,male:::venezuela
879,male:::mexico
880,female:::mexico
881,female:::venezuela
882,female:::spain
883,male:::chile
884,female:::argentina
885,female:::peru
886,female:::colombia
887,male:::colombia
888,female:::argentina
889,male:::spain
890,female:::colombia
891,male:::colombia
892,male:::peru
893,male:::spain
894,male:::mexico
895,male:::chile
896,female:::venezuela
897,male:::colombia
898,male:::colombia
899,male:::spain
900,male:::chile
901,female:::colombia
902,female:::argentina
903,female:::venezuela
904,male:::colombia
905,male:::spain
906,male:::venezuela
907,female:::spain
908,male:::chile
909,female:::peru
910,female:::spain
911,female:::colombia
912,male:::chile
913,male:::colombia
914,male:::mexico
915,male:::colombia
916,female:::venezuela
917,female:::colombia
918,female:::chile
919,male:::peru
920,male:::peru
921,male:::argentina
922,female:::colombia
923,male:::chile
924,female:::colombia
925,male:::chile
926,male:::peru
927,female:::peru
928,male:::spain
929,male:::colombia
930,male:::peru
931,male:::venezuela
932,male:::mexico
933,female:::peru
934,female:::venezuela
935,male:::peru
936,male:::argentina
937,female:::peru
938,male:::argentina
939,female:::mexico
940,female:::mexico
941,male:::peru
942,female:::mexico
943,female:::peru
944,male:::chile
945,female:::argentina
946,female:::colombia
947,female:::mexico
948,male:::mexico
949,male:::venezuela
950,female:::spain
951,female:::venezuela
952,female:::spain
953,male:::spain
954,female:::colombia
955,male:::chile
956,female:::mexico
957,male:::peru
958,male:::venezuela
959,male:::peru
960,female:::argentina
961,female:::peru
962,male:::spain
963,male:::peru
964,female:::chile
965,male:::venezuela
966,female:::spain
967,female:::mexico
968,male:::spain
969,male:::spain
970,female:::mexico
971,male:::mexico
972,female:::spain
973,male:::mexico
974,female:::mexico
975,male:::mexico
976,male:::chile
977,male:::spain
978,female:::peru
979,female:::chile
980,male:::peru
981,female:::venezuela
982,female:::chile
983,female:::mexico
984,female:::spain
985,female:::mexico
986,female:::mexico
987,female:::peru
988,female:::mexico
989,female:::mexico
990,male:::spain
991,male:::colombia
992,female:::peru
993,male:::mexico
994,male:::venezuela
995,male:::argentina
996,female:::mexico
997,male:::chile
998,male:::mexico
999,male:::mexico
1000,male:::colombia
1001,female:::mexico
1002,male:::mexico
1003,male:::mexico
1004,female:::mexico
1005,male:::colombia
1006,female:::colombia
1007,male:::chile
1008,female:::colombia
1009,female:::peru
1010,male:::peru
1011,female:::peru
1012,female:::argentina
1013,male:::peru
1014,male:::argentina
1015,female:::spain
1016,male:::colombia
1017,female:::spain
1018,male:::mexico
1019,male:::argentina
1020,male:::peru
1021,male:::chile
1022,male:::argentina
1023,male:::venezuela
1024,female:::argentina
1025,female:::mexico
1026,female:::spain
1027,male:::peru
1028,female:::chile
1029,female:::spain
1030,female:::mexico
1031,male:::colombia
1032,female:::venezuela
1033,female:::spain
1034,male:::peru
1035,female:::spain
1036,female:::peru
1037,female:::chile
1038,female:::venezuela
1039,female:::mexico
1040,female:::venezuela
1041,male:::spain
1042,female:::venezuela
1043,male:::colombia
1044,male:::spain
1045,male:::peru
1046,male:::mexico
1047,male:::argentina
1048,male:::argentina
1049,female:::venezuela
1050,male:::mexico
1051,male:::colombia
1052,male:::argentina
1053,male:::venezuela
1054,male:::colombia
1055,male:::venezuela
1056,male:::peru
1057,female:::peru
1058,female:::chile
1059,female:::venezuela
1060,female:::argentina
1061,male:::argentina
1062,female:::chile
1063,male:::colombia
1064,male:::chile
1065,female:::argentina
1066,male:::peru
1067,male:::argentina
1068,female:::argentina
1069,female:::peru
1070,male:::argentina
1071,male:::mexico
1072,male:::colombia
1073,male:::colombia
1074,male:::chile
1075,male:::mexico
1076,female:::peru
1077,female:::mexico
1078,female:::mexico
1079,female:::chile
1080,male:::venezuela
1081,male:::spain
1082,male:::venezuela
1083,female:::colombia
1084,male:::venezuela
1085,male:::colombia
1086,female:::chile
1087,female:::argentina
1088,female:::chile
1089,male:::mexico
1090,male:::argentina
1091,female:::mexico
1092,male:::mexico
1093,female:::mexico
1094,male:::peru
1095,female:::chile
1096,female:::colombia
1097,male:::argentina
1098,male:::venezuela
1099,male:::spain
1100,male:::chile
1101,female:::chile
1102,male:::colombia
1103,male:::peru
1104,male:::argentina
1105,female:::peru
1106,male:::mexico
1107,female:::chile
1108,male:::spain
1109,female:::mexico
1110,female:::peru
1111,male:::mexico
1112,male:::peru
1113,female:::mexico
1114,female:::spain
1115,female:::spain
1116,male:::argentina
1117,female:::peru
1118,male:::venezuela
1119,male:::colombia
1120,female:::colombia
1121,female:::chile
1122,female:::chile
1123,male:::chile
1124,female:::spain
1125,male:::peru
1126,male:::venezuela
1127,female:::peru
1128,male:::mexico
1129,female:::peru
1130,male:::mexico
1131,female:::argentina
1132,male:::mexico
1133,female:::colombia
1134,female:::peru
1135,female:::venezuela
1136,female:::chile
1137,female:::mexico
1138,female:::argentina
1139,male:::argentina
1140,female:::colombia
1141,male:::peru
1142,male:::spain
1143,male:::spain
1144,female:::argentina
1145,male:::spain
1146,female:::colombia
1147,female:::peru
1148,male:::chile
1149,female:::spain
1150,female:::colombia
1151,female:::spain
1152,male:::peru
1153,male:::argentina
1154,male:::venezuela
1155,male:::mexico
1156,female:::peru
1157,male:::chile
1158,male:::chile
1159,female:::chile
1160,male:::argentina
1161,female:::mexico
1162,female:::spain
1163,female:::mexico
1164,female:::mexico
1165,male:::mexico
1166,male:::chile
1167,female:::venezuela
1168,male:::argentina
1169,female:::venezuela
1170,male:::mexico
1171,male:::spain
1172,male:::mexico
1173,male:::mexico
1174,male:::spain
1175,male:::venezuela
1176,female:::argentina
1177,male:::peru
1178,female:::chile
1179,male:::spain
1180,male:::argentina
1181,female:::colombia
1182,male:::mexico
1183,male:::mexico
1184,female:::peru
1185,male:::chile
1186,male:::venezuela
1187,male:::spain
1188,female:::peru
1189,female:::peru
1190,male:::argentina
1191,male:::spain
1192,female:::chile
1193,male:::spain
1194,female:::mexico
1195,female:::spain
1196,female:::venezuela
1197,female:::mexico
1198,male:::spain
1199,male:::venezuela
1200,female:::argentina
1201,female:::mexico
1202,female:::colombia
1203,female:::colombia
1204,male:::chile
1205,female:::spain
1206,female:::mexico
1207,female:::venezuela
1208,male:::argentina
1209,male:::argentina
1210,male:::spain
1211,female:::spain
1212,male:::chile
1213,male:::argentina
1214,female:::colombia
1215,female:::argentina
1216,female:::chile
1217,male:::colombia
1218,male:::chile
1219,male:::mexico
1220,female:::spain
1221,male:::spain
1222,male:::colombia
1223,male:::mexico
1224,male:::mexico
1225,male:::mexico
1226,female:::mexico
1227,female:::chile
1228,male:::spain
1229,female:::colombia
1230,male:::argentina
1231,female:::chile
1232,female:::chile
1233,female:::venezuela
1234,female:::colombia
1235,female:::colombia
1236,female:::chile
1237,female:::chile
1238,female:::spain
1239,male:::venezuela
1240,male:::colombia
1241,male:::mexico
1242,male:::mexico
1243,female:::spain
1244,female:::spain
1245,male:::peru
1246,female:::spain
1247,female:::chile
1248,female:::venezuela
1249,male:::chile
1250,female:::mexico
1251,male:::argentina
1252,male:::spain
1253,female:::spain
1254,female:::argentina
1255,female:::peru
1256,male:::chile
1257,male:::mexico
1258,female:::chile
1259,male:::colombia
1260,male:::chile
1261,male:::mexico
1262,female:::peru
1263,male:::mexico
1264,male:::chile
1265,male:::spain
1266,male:::colombia
1267,female:::peru
1268,female:::venezuela
1269,female:::spain
1270,male:::venezuela
1271,male:::venezuela
1272,female:::peru
1273,male:::spain
1274,female:::venezuela
1275,male:::venezuela
1276,male:::argentina
1277,female:::colombia
1278,male:::mexico
1279,male:::mexico
1280,male:::mexico
1281,female:::peru
1282,female:::chile
1283,male:::mexico
1284,male:::peru
1285,male:::spain
1286,male:::chile
1287,male:::argentina
1288,male:::peru
1289,male:::peru
1290,female:::chile
1291,female:::spain
1292,female:::mexico
1293,female:::chile
1294,male:::spain
1295,male:::argentina
1296,male:::mexico
1297,male:::venezuela
1298,male:::mexico
1299,female:::spain
1300,male:::peru
1301,female:::mexico
1302,female:::spain
1303,female:::peru
1304,female:::venezuela
1305,female:::venezuela
1306,female:::chile
1307,male:::colombia
1308,female:::peru
1309,male:::argentina
1310,female:::venezuela
1311,male:::mexico
1312,male:::chile
1313,male:::peru
1314,female:::spain
1315,female:::argentina
1316,male:::peru
1317,male:::peru
1318,male:::colombia
1319,male:::colombia
1320,male:::peru
1321,male:::venezuela
1322,female:::mexico
1323,female:::mexico
1324,female:::peru
1325,female:::colombia
1326,male:::mexico
1327,female:::mexico
1328,female:::mexico
1329,female:::argentina
1330,male:::venezuela
1331,female:::chile
1332,female:::venezuela
1333,female:::argentina
1334,male:::venezuela
1335,male:::argentina
1336,female:::colombia
1337,male:::chile
1338,female:::argentina
1339,female:::chile
1340,female:::peru
1341,male:::spain
1342,male:::mexico
1343,male:::mexico
1344,male:::peru
1345,male:::peru
1346,male:::spain
1347,male:::spain
1348,female:::chile
1349,female:::mexico
1350,male:::argentina
1351,female:::argentina
1352,male:::spain
1353,female:::argentina
1354,male:::argentina
1355,male:::chile
1356,male:::chile
1357,female:::venezuela
1358,female:::argentina
1359,female:::spain
1360,male:::chile
1361,male:::colombia
1362,female:::venezuela
1363,female:::mexico
1364,female:::colombia
1365,male:::colombia
1366,male:::chile
1367,male:::mexico
1368,male:::colombia
1369,male:::venezuela
1370,male:::argentina
1371,male:::spain
1372,male:::argentina
1373,female:::colombia
1374,female:::venezuela
1375,male:::argentina
1376,male:::venezuela
1377,female:::colombia
1378,male:::spain
1379,male:::mexico
1380,female:::peru
1381,male:::chile
1382,male:::peru
1383,male:::argentina
1384,male:::chile
1385,female:::spain
1386,female:::argentina
1387,female:::mexico
1388,female:::peru
1389,male:::argentina
1390,female:::venezuela
1391,male:::peru
1392,female:::mexico
1393,female:::venezuela
1394,female:::argentina
1395,male:::argentina
1396,male:::argentina
1397,female:::spain
1398,male:::venezuela
1399,male:::mexico
1400,male:::peru
1401,male:::chile
1402,female:::venezuela
1403,male:::argentina
1404,female:::argentina
1405,female:::colombia
1406,female:::mexico
1407,male:::mexico
1408,male:::peru
1409,female:::chile
1410,female:::colombia
1411,female:::colombia
1412,male:::peru
1413,male:::spain
1414,male:::venezuela
1415,female:::colombia
1416,male:::argentina
1417,male:::venezuela
1418,female:::chile
1419,female:::chile
1420,female:::argentina
1421,female:::venezuela
1422,male:::spain
1423,female:::venezuela
1424,female:::peru
1425,male:::colombia
1426,male:::colombia
1427,female:::venezuela
1428,male:::mexico
1429,female:::argentina
1430,male:::peru
1431,female:::chile
1432,female:::chile
1433,female:::spain
1434,female:::colombia
1435,female:::spain
1436,male:::chile
1437,female:::peru
1438,female:::spain
1439,female:::spain
1440,male:::chile
1441,male:::chile
1442,male:::argentina
1443,male:::chile
1444,male:::peru
1445,female:::colombia
1446,male:::peru
1447,male:::spain
1448,male:::argentina
1449,male:::chile
1450,female:::spain
1451,male:::argentina
1452,male:::colombia
1453,female:::colombia
1454,male:::colombia
1455,female:::venezuela
1456,female:::argentina
1457,male:::chile
1458,male:::spain
1459,male:::venezuela
1460,female:::venezuela
1461,female:::peru
1462,female:::venezuela
1463,female:::venezuela
1464,male:::colombia
1465,female:::peru
1466,female:::argentina
1467,male:::spain
1468,male:::peru
1469,female:::chile
1470,male:::chile
1471,female:::argentina
1472,female:::mexico
1473,female:::spain
1474,male:::spain
1475,male:::venezuela
1476,female:::argentina
1477,female:::spain
1478,male:::argentina
1479,female:::mexico
1480,female:::chile
1481,male:::chile
1482,male:::chile
1483,female:::venezuela
1484,female:::peru
1485,female:::venezuela
1486,female:::spain
1487,female:::chile
1488,male:::mexico
1489,female:::argentina
1490,male:::argentina
1491,male:::spain
1492,female:::argentina
1493,female:::peru
1494,female:::spain
1495,female:::mexico
1496,female:::venezuela
1497,female:::peru
1498,female:::spain
1499,male:::mexico
1500,female:::mexico
1501,male:::venezuela
1502,female:::spain
1503,male:::colombia
1504,male:::spain
1505,female:::mexico
1506,male:::chile
1507,male:::peru
1508,male:::colombia
1509,female:::peru
1510,female:::argentina
1511,female:::venezuela
1512,female:::venezuela
1513,female:::argentina
1514,male:::venezuela
1515,female:::chile
1516,male:::venezuela
1517,female:::colombia
1518,female:::spain
1519,male:::venezuela
1520,male:::colombia
1521,female:::argentina
1522,female:::venezuela
1523,male:::spain
1524,female:::peru
1525,male:::spain
1526,female:::spain
1527,male:::chile
1528,female:::argentina
1529,male:::colombia
1530,male:::spain
1531,male:::colombia
1532,female:::mexico
1533,male:::argentina
1534,male:::mexico
1535,female:::colombia
1536,male:::mexico
1537,male:::colombia
1538,male:::spain
1539,female:::argentina
1540,female:::peru
1541,female:::mexico
1542,female:::peru
1543,female:::chile
1544,female:::argentina
1545,female:::spain
1546,female:::argentina
1547,female:::colombia
1548,male:::colombia
1549,female:::peru
1550,female:::colombia
1551,male:::mexico
1552,male:::colombia
1553,male:::chile
1554,male:::chile
1555,male:::chile
1556,male:::venezuela
1557,male:::argentina
1558,male:::spain
1559,female:::mexico
1560,female:::chile
1561,male:::mexico
1562,female:::mexico
1563,male:::mexico
1564,female:::peru
1565,female:::venezuela
1566,female:::colombia
1567,female:::chile
1568,female:::colombia
1569,male:::colombia
1570,male:::peru
1571,female:::argentina
1572,female:::chile
1573,female:::spain
1574,female:::chile
1575,male:::venezuela
1576,male:::venezuela
1577,male:::argentina
1578,female:::colombia
1579,female:::colombia
1580,female:::spain
1581,male:::mexico
1582,male:::spain
1583,female:::chile
1584,male:::colombia
1585,female:::peru
1586,male:::colombia
1587,female:::peru
1588,male:::chile
1589,female:::chile
1590,female:::venezuela
1591,male:::peru
1592,female:::colombia
1593,female:::spain
1594,female:::peru
1595,female:::spain
1596,female:::venezuela
1597,male:::argentina
1598,female:::peru
1599,female:::spain
1600,male:::peru
1601,female:::spain
1602,male:::colombia
1603,male:::peru
1604,male:::peru
1605,female:::spain
1606,male:::spain
1607,male:::argentina
1608,male:::venezuela
1609,female:::chile
1610,female:::argentina
1611,female:::mexico
1612,female:::chile
1613,female:::mexico
1614,female:::colombia
1615,male:::spain
1616,female:::venezuela
1617,female:::mexico
1618,male:::mexico
1619,male:::venezuela
1620,female:::peru
1621,female:::mexico
1622,male:::spain
1623,female:::colombia
1624,female:::chile
1625,female:::peru
1626,female:::colombia
1627,female:::colombia
1628,female:::colombia
1629,male:::colombia
1630,male:::venezuela
1631,male:::venezuela
1632,male:::chile
1633,female:::mexico
1634,male:::peru
1635,male:::chile
1636,male:::mexico
1637,female:::spain
1638,male:::mexico
1639,male:::venezuela
1640,female:::colombia
1641,female:::mexico
1642,female:::peru
1643,female:::chile
1644,male:::venezuela
1645,female:::colombia
1646,male:::argentina
1647,male:::venezuela
1648,male:::peru
1649,female:::venezuela
1650,female:::argentina
1651,female:::venezuela
1652,female:::argentina
1653,male:::peru
1654,female:::spain
1655,male:::peru
1656,male:::argentina
1657,female:::argentina
1658,male:::colombia
1659,female:::peru
1660,female:::spain
1661,female:::colombia
1662,female:::mexico
1663,male:::mexico
1664,female:::chile
1665,female:::spain
1666,male:::chile
1667,male:::venezuela
1668,female:::mexico
1669,female:::chile
1670,male:::venezuela
1671,male:::colombia
1672,male:::chile
1673,female:::colombia
1674,female:::venezuela
1675,female:::spain
1676,female:::colombia
1677,female:::colombia
1678,female:::spain
1679,female:::mexico
1680,female:::venezuela
1681,male:::colombia
1682,male:::venezuela
1683,male:::mexico
1684,male:::colombia
1685,female:::peru
1686,female:::argentina
1687,female:::venezuela
1688,female:::argentina
1689,female:::mexico
1690,female:::mexico
1691,male:::peru
1692,female:::mexico
1693,female:::argentina
1694,male:::venezuela
1695,female:::peru
1696,female:::chile
1697,male:::venezuela
1698,female:::chile
1699,male:::peru
1700,male:::mexico
1701,male:::chile
1702,male:::mexico
1703,male:::colombia
1704,female:::colombia
1705,female:::spain
1706,female:::mexico
1707,female:::colombia
1708,male:::venezuela
1709,male:::colombia
1710,male:::mexico
1711,female:::spain
1712,male:::argentina
1713,male:::mexico
1714,male:::mexico
1715,female:::argentina
1716,female:::peru
1717,male:::spain
1718,male:::peru
1719,female:::mexico
1720,male:::chile
1721,female:::chile
1722,female:::chile
1723,male:::mexico
1724,female:::peru
1725,male:::colombia
1726,female:::spain
1727,male:::chile
1728,male:::argentina
1729,male:::venezuela
1730,female:::peru
1731,male:::mexico
1732,female:::chile
1733,male:::mexico
1734,female:::venezuela
1735,male:::mexico
1736,male:::venezuela
1737,male:::spain
1738,female:::venezuela
1739,female:::argentina
1740,male:::venezuela
1741,female:::mexico
1742,female:::argentina
1743,male:::colombia
1744,female:::mexico
1745,female:::colombia
1746,female:::chile
1747,male:::peru
1748,female:::venezuela
1749,male:::colombia
1750,female:::peru
1751,female:::peru
1752,male:::peru
1753,male:::colombia
1754,female:::argentina
1755,female:::mexico
1756,male:::spain
1757,male:::venezuela
1758,male:::venezuela
1759,male:::argentina
1760,female:::peru
1761,female:::venezuela
1762,male:::spain
1763,male:::spain
1764,female:::argentina
1765,male:::colombia
1766,female:::chile
1767,female:::colombia
1768,female:::spain
1769,female:::chile
1770,female:::venezuela
1771,male:::argentina
1772,female:::peru
1773,male:::spain
1774,male:::venezuela
1775,male:::mexico
1776,male:::peru
1777,female:::venezuela
1778,male:::mexico
1779,female:::argentina
1780,female:::venezuela
1781,male:::argentina
1782,male:::spain
1783,female:::colombia
1784,male:::spain
1785,female:::spain
1786,female:::spain
1787,male:::colombia
1788,male:::mexico
1789,male:::chile
1790,male:::peru
1791,female:::argentina
1792,female:::argentina
1793,male:::mexico
1794,female:::spain
1795,male:::colombia
1796,male:::argentina
1797,female:::mexico
1798,female:::spain
1799,female:::venezuela
1800,male:::chile
1801,male:::mexico
1802,male:::colombia
1803,male:::colombia
1804,female:::argentina
1805,female:::venezuela
1806,male:::colombia
1807,female:::colombia
1808,male:::mexico
1809,female:::mexico
1810,female:::chile
1811,female:::mexico
1812,female:::chile
1813,female:::argentina
1814,female:::venezuela
1815,female:::argentina
1816,male:::chile
1817,female:::colombia
1818,female:::chile
1819,male:::venezuela
1820,female:::chile
1821,female:::peru
1822,male:::mexico
1823,male:::colombia
1824,male:::mexico
1825,male:::mexico
1826,female:::mexico
1827,male:::chile
1828,male:::peru
1829,female:::argentina
1830,male:::chile
1831,male:::peru
1832,female:::argentina
1833,female:::spain
1834,female:::colombia
1835,male:::peru
1836,female:::venezuela
1837,female:::spain
1838,male:::chile
1839,female:::colombia
1840,male:::argentina
1841,male:::argentina
1842,female:::argentina
1843,male:::argentina
1844,male:::argentina
1845,female:::mexico
1846,female:::peru
1847,female:::peru
1848,male:::argentina
1849,male:::peru
1850,male:::venezuela
1851,female:::colombia
1852,female:::colombia
1853,male:::mexico
1854,female:::colombia
1855,female:::colombia
1856,female:::chile
1857,female:::argentina
1858,female:::colombia
1859,male:::mexico
1860,female:::spain
1861,male:::venezuela
1862,male:::venezuela
1863,female:::argentina
1864,female:::venezuela
1865,female:::peru
1866,male:::chile
1867,male:::argentina
1868,male:::spain
1869,female:::peru
1870,female:::spain
1871,male:::argentina
1872,female:::colombia
1873,female:::argentina
1874,female:::mexico
1875,female:::colombia
1876,female:::venezuela
1877,male:::chile
1878,male:::chile
1879,male:::mexico
1880,female:::chile
1881,female:::mexico
1882,male:::argentina
1883,female:::argentina
1884,female:::mexico
1885,male:::mexico
1886,female:::mexico
1887,male:::peru
1888,female:::venezuela
1889,female:::peru
1890,female:::venezuela
1891,female:::venezuela
1892,female:::venezuela
1893,female:::argentina
1894,female:::colombia
1895,female:::chile
1896,male:::spain
1897,female:::chile
1898,female:::colombia
1899,female:::colombia
1900,male:::argentina
1901,female:::venezuela
1902,male:::venezuela
1903,male:::peru
1904,male:::mexico
1905,female:::venezuela
1906,female:::peru
1907,male:::spain
1908,female:::mexico
1909,female:::venezuela
1910,female:::chile
1911,male:::spain
1912,male:::chile
1913,female:::mexico
1914,male:::colombia
1915,male:::colombia
1916,male:::colombia
1917,male:::chile
1918,female:::venezuela
1919,female:::spain
1920,male:::venezuela
1921,male:::peru
1922,female:::spain
1923,male:::chile
1924,male:::venezuela
1925,male:::chile
1926,male:::chile
1927,female:::chile
1928,female:::colombia
1929,male:::peru
1930,male:::mexico
1931,male:::peru
1932,female:::peru
1933,male:::spain
1934,female:::peru
1935,male:::venezuela
1936,female:::venezuela
1937,male:::peru
1938,male:::chile
1939,male:::spain
1940,female:::argentina
1941,female:::peru
1942,female:::peru
1943,male:::mexico
1944,male:::colombia
1945,female:::chile
1946,male:::chile
1947,male:::colombia
1948,female:::colombia
1949,female:::mexico
1950,female:::argentina
1951,male:::peru
1952,female:::venezuela
1953,female:::venezuela
1954,female:::chile
1955,female:::spain
1956,female:::peru
1957,male:::venezuela
1958,male:::peru
1959,female:::venezuela
1960,female:::venezuela
1961,female:::colombia
1962,male:::mexico
1963,female:::spain
1964,male:::mexico
1965,female:::colombia
1966,female:::argentina
1967,female:::spain
1968,male:::peru
1969,male:::venezuela
1970,male:::argentina
1971,male:::peru
1972,male:::venezuela
1973,male:::spain
1974,male:::mexico
1975,male:::mexico
1976,male:::peru
1977,female:::venezuela
1978,male:::colombia
1979,male:::mexico
1980,male:::colombia
1981,female:::peru
1982,female:::venezuela
1983,male:::chile
1984,female:::colombia
1985,male:::chile
1986,male:::venezuela
1987,female:::colombia
1988,male:::peru
1989,female:::venezuela
1990,male:::argentina
1991,male:::peru
1992,female:::mexico
1993,female:::mexico
1994,male:::peru
1995,female:::spain
1996,male:::chile
1997,male:::peru
1998,female:::spain
1999,male:::peru
2000,male:::colombia
2001,male:::argentina
2002,male:::chile
2003,male:::peru
2004,male:::chile
2005,male:::argentina
2006,male:::colombia
2007,female:::argentina
2008,male:::peru
2009,male:::mexico
2010,male:::mexico
2011,male:::peru
2012,male:::mexico
2013,female:::venezuela
2014,female:::peru
2015,female:::argentina
2016,female:::peru
2017,male:::chile
2018,female:::colombia
2019,female:::chile
2020,female:::argentina
2021,male:::venezuela
2022,male:::mexico
2023,male:::peru
2024,male:::colombia
2025,female:::mexico
2026,female:::mexico
2027,male:::argentina
2028,female:::venezuela
2029,female:::chile
2030,male:::venezuela
2031,male:::chile
2032,female:::mexico
2033,female:::chile
2034,female:::mexico
2035,female:::spain
2036,male:::peru
2037,female:::spain
2038,female:::mexico
2039,male:::mexico
2040,female:::chile
2041,male:::argentina
2042,male:::chile
2043,male:::argentina
2044,male:::argentina
2045,female:::chile
2046,male:::colombia
2047,male:::venezuela
2048,male:::mexico
2049,male:::venezuela
2050,male:::mexico
2051,female:::chile
2052,female:::spain
2053,female:::peru
2054,male:::chile
2055,male:::peru
2056,female:::colombia
2057,male:::chile
2058,male:::argentina
2059,female:::peru
2060,male:::peru
2061,female:::venezuela
2062,male:::mexico
2063,female:::peru
2064,male:::venezuela
2065,female:::argentina
2066,female:::spain
2067,female:::venezuela
2068,female:::argentina
2069,male:::colombia
2070,male:::colombia
2071,male:::argentina
2072,male:::argentina
2073,female:::chile
2074,male:::mexico
2075,male:::peru
2076,male:::spain
2077,female:::chile
2078,female:::argentina
2079,male:::argentina
2080,male:::mexico
2081,female:::mexico
2082,male:::mexico
2083,female:::mexico
2084,male:::mexico
2085,male:::argentina
2086,female:::colombia
2087,female:::venezuela
2088,male:::peru
2089,male:::colombia
2090,female:::mexico
2091,male:::spain
2092,male:::venezuela
2093,female:::venezuela
2094,female:::argentina
2095,male:::argentina
2096,female:::colombia
2097,female:::argentina
2098,male:::mexico
2099,male:::venezuela
2100,female:::colombia
2101,male:::mexico
2102,female:::colombia
2103,male:::spain
2104,female:::mexico
2105,female:::argentina
2106,female:::mexico
2107,male:::venezuela
2108,female:::spain
2109,male:::spain
2110,female:::argentina
2111,male:::chile
2112,female:::peru
2113,female:::chile
2114,male:::colombia
2115,female:::argentina
2116,female:::mexico
2117,female:::argentina
2118,female:::peru
2119,male:::argentina
2120,male:::venezuela
2121,male:::colombia
2122,male:::peru
2123,male:::mexico
2124,female:::spain
2125,female:::chile
2126,female:::spain
2127,female:::mexico
2128,male:::argentina
2129,male:::peru
2130,female:::chile
2131,female:::venezuela
2132,male:::chile
2133,female:::spain
2134,female:::peru
2135,male:::spain
2136,male:::chile
2137,female:::peru
2138,female:::mexico
2139,male:::venezuela
2140,female:::venezuela
2141,male:::venezuela
2142,male:::venezuela
2143,female:::spain
2144,male:::argentina
2145,male:::argentina
2146,male:::colombia
2147,female:::peru
2148,female:::peru
2149,female:::venezuela
2150,female:::peru
2151,male:::argentina
2152,male:::venezuela
2153,female:::mexico
2154,female:::argentina
2155,male:::chile
2156,male:::venezuela
2157,male:::mexico
2158,male:::spain
2159,male:::argentina
2160,male:::spain
2161,male:::mexico
2162,female:::peru
2163,male:::chile
2164,male:::colombia
2165,female:::peru
2166,female:::peru
2167,male:::argentina
2168,female:::venezuela
2169,female:::mexico
2170,female:::argentina
2171,male:::spain
2172,female:::colombia
2173,male:::chile
2174,female:::venezuela
2175,female:::argentina
2176,female:::peru
2177,female:::peru
2178,male:::spain
2179,female:::spain
2180,female:::spain
2181,male:::colombia
2182,male:::spain
2183,female:::spain
2184,male:::mexico
2185,female:::argentina
2186,male:::venezuela
2187,male:::colombia
2188,male:::venezuela
2189,female:::argentina
2190,male:::mexico
2191,female:::spain
2192,male:::argentina
2193,male:::venezuela
2194,male:::chile
2195,male:::mexico
2196,female:::venezuela
2197,male:::spain
2198,female:::chile
2199,male:::peru
2200,female:::chile
2201,female:::venezuela
2202,male:::peru
2203,female:::argentina
2204,female:::colombia
2205,female:::peru
2206,male:::mexico
2207,male:::colombia
2208,male:::peru
2209,female:::chile
2210,male:::mexico
2211,male:::argentina
2212,female:::argentina
2213,male:::peru
2214,female:::peru
2215,male:::peru
2216,male:::colombia
2217,male:::spain
2218,female:::venezuela
2219,female:::peru
2220,female:::spain
2221,female:::mexico
2222,female:::peru
2223,female:::argentina
2224,female:::colombia
2225,male:::mexico
2226,male:::mexico
2227,female:::venezuela
2228,male:::argentina
2229,female:::mexico
2230,male:::colombia
2231,male:::venezuela
2232,male:::spain
2233,female:::argentina
2234,female:::peru
2235,male:::mexico
2236,female:::colombia
2237,male:::chile
2238,female:::spain
2239,female:::colombia
2240,female:::colombia
2241,male:::peru
2242,male:::venezuela
2243,female:::venezuela
2244,male:::spain
2245,male:::colombia
2246,male:::argentina
2247,female:::colombia
2248,male:::peru
2249,male:::colombia
2250,female:::peru
2251,male:::mexico
2252,male:::chile
2253,female:::mexico
2254,male:::colombia
2255,male:::colombia
2256,female:::peru
2257,male:::peru
2258,male:::chile
2259,male:::spain
2260,male:::spain
2261,female:::spain
2262,male:::argentina
2263,female:::mexico
2264,male:::mexico
2265,female:::spain
2266,male:::chile
2267,female:::peru
2268,female:::colombia
2269,male:::chile
2270,female:::chile
2271,male:::chile
2272,female:::spain
2273,male:::argentina
2274,female:::mexico
2275,female:::argentina
2276,male:::peru
2277,female:::spain
2278,female:::spain
2279,female:::mexico
2280,female:::spain
2281,male:::mexico
2282,female:::colombia
2283,female:::venezuela
2284,male:::venezuela
2285,male:::mexico
2286,female:::colombia
2287,male:::spain
2288,male:::chile
2289,male:::argentina
2290,female:::peru
2291,male:::spain
2292,female:::argentina
2293,male:::peru
2294,female:::argentina
2295,female:::venezuela
2296,male:::spain
2297,male:::spain
2298,female:::spain
2299,male:::venezuela
2300,female:::argentina
2301,male:::chile
2302,female:::mexico
2303,male:::argentina
2304,male:::chile
2305,male:::venezuela
2306,male:::colombia
2307,female:::mexico
2308,male:::spain
2309,male:::colombia
2310,female:::peru
2311,female:::peru
2312,female:::colombia
2313,female:::spain
2314,male:::mexico
2315,female:::venezuela
2316,male:::peru
2317,female:::peru
2318,male:::peru
2319,male:::chile
2320,female:::peru
2321,male:::peru
2322,male:::mexico
2323,male:::colombia
2324,male:::colombia
2325,male:::argentina
2326,female:::venezuela
2327,male:::mexico
2328,female:::peru
2329,male:::peru
2330,female:::venezuela
2331,female:::mexico
2332,female:::mexico
2333,male:::peru
2334,female:::venezuela
2335,male:::argentina
2336,female:::venezuela
2337,female:::chile
2338,female:::mexico
2339,male:::chile
2340,male:::argentina
2341,female:::colombia
2342,female:::colombia
2343,female:::venezuela
2344,male:::mexico
2345,female:::chile
2346,male:::mexico
2347,male:::mexico
2348,male:::colombia
2349,male:::argentina
2350,male:::argentina
2351,male:::peru
2352,male:::mexico
2353,female:::chile
2354,male:::spain
2355,male:::peru
2356,female:::mexico
2357,female:::peru
2358,male:::peru
2359,male:::chile
2360,male:::spain
2361,female:::peru
2362,male:::mexico
2363,female:::spain
2364,female:::mexico
2365,male:::peru
2366,female:::mexico
2367,female:::venezuela
2368,male:::colombia
2369,female:::colombia
2370,female:::chile
2371,female:::spain
2372,male:::spain
2373,male:::argentina
2374,male:::mexico
2375,female:::peru
2376,female:::chile
2377,female:::mexico
2378,male:::spain
2379,male:::peru
2380,male:::spain
2381,male:::chile
2382,male:::mexico
2383,male:::peru
2384,female:::spain
2385,female:::mexico
2386,male:::venezuela
2387,male:::venezuela
2388,female:::peru
2389,male:::peru
2390,female:::mexico
2391,male:::chile
2392,male:::colombia
2393,female:::peru
2394,male:::chile
2395,female:::colombia
2396,female:::peru
2397,male:::mexico
2398,female:::argentina
2399,male:::chile
2400,female:::argentina
2401,male:::chile
2402,female:::colombia
2403,female:::mexico
2404,male:::chile
2405,female:::mexico
2406,female:::spain
2407,male:::spain
2408,female:::venezuela
2409,female:::spain
2410,female:::mexico
2411,male:::colombia
2412,male:::argentina
2413,female:::spain
2414,female:::chile
2415,male:::colombia
2416,female:::argentina
2417,female:::mexico
2418,male:::argentina
2419,male:::colombia
2420,male:::peru
2421,male:::mexico
2422,female:::peru
2423,male:::argentina
2424,male:::colombia
2425,male:::venezuela
2426,male:::mexico
2427,male:::venezuela
2428,male:::argentina
2429,male:::colombia
2430,male:::chile
2431,female:::spain
2432,male:::chile
2433,male:::spain
2434,male:::venezuela
2435,female:::colombia
2436,male:::argentina
2437,male:::argentina
2438,male:::mexico
2439,female:::peru
2440,male:::mexico
2441,male:::venezuela
2442,female:::mexico
2443,female:::peru
2444,male:::colombia
2445,male:::peru
2446,female:::chile
2447,female:::mexico
2448,female:::venezuela
2449,female:::mexico
2450,male:::argentina
2451,female:::peru
2452,male:::argentina
2453,male:::argentina
2454,female:::spain
2455,male:::venezuela
2456,female:::mexico
2457,female:::spain
2458,male:::venezuela
2459,male:::colombia
2460,female:::colombia
2461,female:::mexico
2462,male:::argentina
2463,female:::argentina
2464,female:::venezuela
2465,male:::mexico
2466,female:::argentina
2467,male:::mexico
2468,female:::spain
2469,male:::peru
2470,male:::mexico
2471,female:::argentina
2472,male:::spain
2473,male:::spain
2474,male:::chile
2475,female:::mexico
2476,male:::peru
2477,female:::spain
2478,female:::spain
2479,male:::chile
2480,female:::colombia
2481,male:::spain
2482,female:::chile
2483,male:::argentina
2484,female:::spain
2485,female:::venezuela
2486,male:::spain
2487,female:::venezuela
2488,female:::chile
2489,male:::mexico
2490,male:::spain
2491,female:::mexico
2492,female:::venezuela
2493,female:::argentina
2494,male:::argentina
2495,female:::spain
2496,male:::mexico
2497,female:::mexico
2498,female:::spain
2499,male:::peru
2500,male:::colombia
2501,male:::mexico
2502,male:::argentina
2503,female:::spain
2504,female:::peru
2505,male:::venezuela
2506,male:::spain
2507,male:::mexico
2508,male:::mexico
2509,male:::spain
2510,male:::argentina
2511,female:::argentina
2512,male:::argentina
2513,male:::argentina
2514,female:::chile
2515,male:::mexico
2516,male:::spain
2517,male:::colombia
2518,female:::mexico
2519,male:::spain
2520,male:::argentina
2521,male:::venezuela
2522,female:::spain
2523,female:::argentina
2524,male:::mexico
2525,male:::peru
2526,male:::mexico
2527,female:::colombia
2528,female:::spain
2529,female:::mexico
2530,female:::colombia
2531,female:::venezuela
2532,male:::spain
2533,male:::argentina
2534,male:::colombia
2535,female:::argentina
2536,male:::argentina
2537,male:::spain
2538,male:::mexico
2539,male:::spain
2540,male:::mexico
2541,male:::spain
2542,female:::mexico
2543,male:::colombia
2544,male:::mexico
2545,male:::mexico
2546,female:::colombia
2547,female:::chile
2548,male:::argentina
2549,female:::peru
2550,male:::mexico
2551,female:::argentina
2552,female:::chile
2553,male:::mexico
2554,female:::argentina
2555,female:::peru
2556,male:::peru
2557,female:::spain
2558,female:::spain
2559,male:::chile
2560,female:::colombia
2561,female:::mexico
2562,male:::venezuela
2563,male:::mexico
2564,female:::venezuela
2565,male:::colombia
2566,male:::venezuela
2567,male:::peru
2568,female:::peru
2569,female:::venezuela
2570,male:::peru
2571,female:::peru
2572,female:::mexico
2573,female:::peru
2574,male:::peru
2575,female:::argentina
2576,male:::argentina
2577,female:::mexico
2578,male:::mexico
2579,male:::chile
2580,female:::spain
2581,female:::colombia
2582,male:::peru
2583,male:::venezuela
2584,male:::venezuela
2585,male:::peru
2586,male:::venezuela
2587,male:::mexico
2588,female:::colombia
2589,male:::colombia
2590,female:::mexico
2591,female:::chile
2592,female:::spain
2593,male:::venezuela
2594,female:::peru
2595,female:::peru
2596,female:::peru
2597,male:::colombia
2598,male:::mexico
2599,male:::argentina
2600,female:::spain
2601,female:::chile
2602,male:::spain
2603,female:::mexico
2604,female:::peru
2605,female:::mexico
2606,female:::venezuela
2607,male:::spain
2608,male:::colombia
2609,female:::argentina
2610,female:::mexico
2611,female:::mexico
2612,female:::peru
2613,female:::peru
2614,male:::argentina
2615,female:::mexico
2616,male:::chile
2617,male:::argentina
2618,male:::venezuela
2619,male:::argentina
2620,female:::argentina
2621,male:::chile
2622,female:::mexico
2623,female:::mexico
2624,male:::spain
2625,male:::chile
2626,male:::chile
2627,female:::venezuela
2628,female:::argentina
2629,female:::chile
2630,female:::chile
2631,male:::mexico
2632,female:::peru
2633,male:::spain
2634,male:::spain
2635,male:::chile
2636,female:::spain
2637,male:::mexico
2638,male:::argentina
2639,female:::mexico
2640,female:::colombia
2641,male:::spain
2642,female:::chile
2643,female:::mexico
2644,male:::venezuela
2645,female:::colombia
2646,male:::mexico
2647,female:::colombia
2648,female:::spain
2649,female:::peru
2650,male:::chile
2651,female:::peru
2652,female:::chile
2653,female:::colombia
2654,female:::spain
2655,female:::argentina
2656,male:::colombia
2657,male:::spain
2658,female:::spain
2659,male:::peru
2660,female:::mexico
2661,male:::mexico
2662,male:::argentina
2663,female:::spain
2664,female:::colombia
2665,female:::argentina
2666,male:::colombia
2667,female:::argentina
2668,female:::argentina
2669,female:::peru
2670,male:::argentina
2671,female:::venezuela
2672,male:::peru
2673,male:::mexico
2674,male:::chile
2675,male:::colombia
2676,male:::spain
2677,female:::chile
2678,female:::chile
2679,female:::mexico
2680,female:::chile
2681,male:::venezuela
2682,female:::colombia
2683,female:::mexico
2684,male:::peru
2685,female:::chile
2686,female:::spain
2687,female:::chile
2688,male:::peru
2689,female:::peru
2690,male:::chile
2691,female:::chile
2692,female:::colombia
2693,male:::mexico
2694,male:::peru
2695,female:::spain
2696,male:::peru
2697,male:::chile
2698,female:::venezuela
2699,male:::peru
2700,female:::argentina
2701,male:::peru
2702,male:::peru
2703,male:::spain
2704,female:::mexico
2705,female:::spain
2706,male:::mexico
2707,male:::mexico
2708,female:::spain
2709,female:::argentina
2710,male:::peru
2711,male:::venezuela
2712,male:::mexico
2713,male:::chile
2714,male:::colombia
2715,male:::chile
2716,female:::argentina
2717,male:::venezuela
2718,male:::colombia
2719,female:::peru
2720,female:::argentina
2721,male:::mexico
2722,female:::mexico
2723,female:::chile
2724,female:::spain
2725,female:::chile
2726,male:::mexico
2727,male:::argentina
2728,female:::chile
2729,female:::colombia
2730,male:::spain
2731,male:::argentina
2732,female:::chile
2733,female:::spain
2734,male:::mexico
2735,male:::argentina
2736,male:::argentina
2737,male:::chile
2738,female:::mexico
2739,male:::venezuela
2740,male:::peru
2741,male:::peru
2742,female:::mexico
2743,female:::argentina
2744,male:::argentina
2745,male:::spain
2746,male:::argentina
2747,male:::argentina
2748,male:::spain
2749,male:::peru
2750,female:::colombia
2751,female:::venezuela
2752,male:::colombia
2753,male:::colombia
2754,male:::mexico
2755,male:::peru
2756,female:::mexico
2757,male:::venezuela
2758,male:::argentina
2759,female:::spain
2760,male:::colombia
2761,female:::argentina
2762,male:::spain
2763,female:::spain
2764,male:::argentina
2765,male:::venezuela
2766,male:::mexico
2767,male:::argentina
2768,female:::peru
2769,male:::spain
2770,female:::venezuela
2771,male:::argentina
2772,male:::colombia
2773,male:::spain
2774,female:::spain
2775,male:::peru
2776,female:::chile
2777,female:::chile
2778,male:::argentina
2779,male:::chile
2780,male:::peru
2781,female:::venezuela
2782,male:::spain
2783,female:::venezuela
2784,male:::venezuela
2785,female:::mexico
2786,female:::argentina
2787,male:::argentina
2788,female:::argentina
2789,female:::colombia
2790,female:::mexico
2791,female:::chile
2792,female:::argentina
2793,female:::venezuela
2794,female:::argentina
2795,male:::spain
2796,male:::argentina
2797,male:::argentina
2798,female:::chile
2799,male:::peru
